Workbook

Sheet Sheet1
D1: 문서번호 | E1: ACI_form_202502-04DN
D2: 개정일자 | E2: 2025.01.01
D3: 문서등급 | E3: 대외비 Confidential
A4: #VALUE!
D5: 문서관리자 | E5: 출고관리자
D6: 신태섭 | E6: 최주은
A11: ="CARTON : " & J14 & " stk" -> CARTON : 31 stk | B11: Pallets : 1 stk
A12: =TODAY() -> 46185
A13: TRKNO | B13: ORDERNO | C13: CUSITEMCODE | D13: ITEMDETAIL | E13: SRL_LOT | G13: Tip check | H13: Sum | I13: box | J13: carton | K13: total | L13: price
G14: =IF(COUNTIF(Sheet2!C:C,C14)>0,1,0) -> 0 | H14: =SUM(G:G) -> 0 | I14: 8 | J14: 31 | K14: =H14+I14+J14 -> 39 | L14: =K14 * 0.8 -> 31.2
G15: =IF(COUNTIF(Sheet2!C:C,C15)>0,1,0) -> 0
G16: =IF(COUNTIF(Sheet2!C:C,C16)>0,1,0) -> 0
G17: =IF(COUNTIF(Sheet2!C:C,C17)>0,1,0) -> 0
G18: =IF(COUNTIF(Sheet2!C:C,C18)>0,1,0) -> 0
G19: =IF(COUNTIF(Sheet2!C:C,C19)>0,1,0) -> 0
G20: =IF(COUNTIF(Sheet2!C:C,C20)>0,1,0) -> 0
G21: =IF(COUNTIF(Sheet2!C:C,C21)>0,1,0) -> 0
A22: DATEN : | D22: DATEN : | G22: =IF(COUNTIF(Sheet2!C:C,C22)>0,1,0) -> 0
G23: =IF(COUNTIF(Sheet2!C:C,C23)>0,1,0) -> 0
A24: NAME : | D24: NAME : | G24: =IF(COUNTIF(Sheet2!C:C,C24)>0,1,0) -> 0
G25: =IF(COUNTIF(Sheet2!C:C,C25)>0,1,0) -> 0
A26: KENNZEICHEN : | D26: KENNZEICHEN : | G26: =IF(COUNTIF(Sheet2!C:C,C26)>0,1,0) -> 0
G27: =IF(COUNTIF(Sheet2!C:C,C27)>0,1,0) -> 0
G28: =IF(COUNTIF(Sheet2!C:C,C28)>0,1,0) -> 0
A29: Unterschrift : | D29: Unterschrift : | G29: =IF(COUNTIF(Sheet2!C:C,C29)>0,1,0) -> 0
G30: =IF(COUNTIF(Sheet2!C:C,C30)>0,1,0) -> 0
G31: =IF(COUNTIF(Sheet2!C:C,C31)>0,1,0) -> 0
G32: =IF(COUNTIF(Sheet2!C:C,C32)>0,1,0) -> 0
G33: =IF(COUNTIF(Sheet2!C:C,C33)>0,1,0) -> 0
G34: =IF(COUNTIF(Sheet2!C:C,C34)>0,1,0) -> 0
G35: =IF(COUNTIF(Sheet2!C:C,C35)>0,1,0) -> 0
G36: =IF(COUNTIF(Sheet2!C:C,C36)>0,1,0) -> 0
G37: =IF(COUNTIF(Sheet2!C:C,C37)>0,1,0) -> 0
G38: =IF(COUNTIF(Sheet2!C:C,C38)>0,1,0) -> 0
G39: =IF(COUNTIF(Sheet2!C:C,C39)>0,1,0) -> 0
G40: =IF(COUNTIF(Sheet2!C:C,C40)>0,1,0) -> 0
G41: =IF(COUNTIF(Sheet2!C:C,C41)>0,1,0) -> 0
... G182: =IF(COUNTIF(Sheet2!C:C,C182)>0,1,0) -> 0

Sheet Sheet2
A1: Product Name | B1: ACI Product Code | C1: Vendor Product Code
A2: Assy Packing Medium Tip MO1 | B2: AEZ009 | C2: 3A0113417C0
A3: Assy Tip Small Packing IO3 | B3: AEZ072 | C3: 3A0112485C0
A4: Assy Tip Packing MO1 | B4: AEZ074 | C4: 3A0113147C0
A5: Assy Packing Large Tip MO1 | B5: AEZ075 | C5: 3A0113418C0
A6: Assy Packing Small Tip MO1 | B6: AEZ076 | C6: 3A0113419C0
A7: Assy Tip New Packing IO3 | B7: AEZ169 | C7: 3A0112340C0
A8: Assy Tip New Packing IO1 | B8: AEZ170 | C8: 6A0111588C0
A9: Cover Tip IO3 | B9: AEZ180 | C9: 5M0111852W0
A10: Cover Tip IO5 | B10: AEZ184 | C10: 5M0112350E0
A11: Assy Packing Cover Tip MO1 | B11: AFB125 | C11: 3A0113412C0
A12: Assy Packing Calibration MO1 | B12: AFA428 | C12: 3A0113411C0
A13: Assy Calibration IO3 | B13: AEZ175 | C13: 3A0111853C0
